BARRIO;MUJER;VARON;TOTAL
Caldones;209;223;432
Granda;343;300;643
Vega;1776;1654;3430
Ruedes;60;65;125
Serin;131;149;280
La Pedrera;384;397;781
Fano;105;123;228
Puao;109;101;210
San Andrés de los Tacones;64;68;132
L`Abadía Cenero;712;721;1433
Santurio;138;125;263
Fresno;270;255;525
Castiello Bernueces;571;547;1118
Leorio/Llorio;229;220;449
Cabueñes;720;719;1439
Samartin de Güerces;161;171;332
Llavandera;182;174;356
Veriña;307;336;643
Valdornón;82;97;179
Porceyo;346;355;701
Deva;369;352;721
